pid,position,name,throwing_errors,catching_errors,assists,putouts,innings_played,errors,defensive_chances,fielding_percentage
43617,starter,Darrion Smith,8,1,0,0,1933.333333333173,9,9,0.0
58370,catcher,John Benzschawel,4,1,0,0,1933.333333333173,5,5,0.0
47666,shortstop,Bob Small,5,60,0,0,1933.333333333173,65,65,0.0
39758,centerfield,Dave Eckert,2,31,0,0,1933.333333333173,33,33,0.0
37689,leftfield,Benny Powell,0,17,0,0,1933.333333333173,17,17,0.0
51817,secondbase,Delos Echols,1,28,0,0,1933.333333333173,29,29,0.0
45013,rightfield,Oil Can Vardell,2,18,0,0,1933.333333333173,20,20,0.0
55204,firstbase,Jerry Johnson,2,40,0,0,1933.333333333173,42,42,0.0
66286,thirdbase,Teyo Miraldi,0,17,0,0,1933.333333333173,17,17,0.0
