pid,position,name,errors,outs,assists,putouts,innings_played
55577,catcher,Jared Harris,0,0,0,0,18.000000000000004
66117,secondbase,Stephen Smith,0,0,0,0,18.000000000000004
45348,rightfield,Tony Everett,0,0,0,0,18.000000000000004
63233,shortstop,Karlos Smith,0,0,0,0,18.000000000000004
61452,centerfield,A.J. Oswalt,0,0,0,0,18.000000000000004
53116,firstbase,John Redmond,0,0,0,0,18.000000000000004
45707,thirdbase,Steve Delong,0,0,0,0,18.000000000000004
53288,leftfield,Logan Stephens,0,0,0,0,18.000000000000004
