pid,position,name,errors,outs,assists,putouts,innings_played
58370,catcher,John Benzschawel,0,0,0,0,17.000000000000007
47666,shortstop,Bob Small,0,0,0,0,17.000000000000007
39758,centerfield,Dave Eckert,0,0,0,0,17.000000000000007
37689,leftfield,Benny Powell,0,0,0,0,17.000000000000007
51817,secondbase,Delos Echols,0,0,0,0,17.000000000000007
45013,rightfield,Oil Can Vardell,0,0,0,0,17.000000000000007
55204,firstbase,Jerry Johnson,0,0,0,0,17.000000000000007
66286,thirdbase,Teyo Miraldi,0,0,0,0,17.000000000000007
